Model,RMSE,MAE,R2 Score
Random Forest Regressor,2523666171872.481,217931310978.78772,0.915982111484187
KNN Regressor,5619534521965.144,361987492612.7923,0.5834101951240283
