Model,RMSE,MAE,R2 Score
Random Forest Regressor,3119698907175.7847,253521045693.9951,0.8716093753278339
KNN Regressor,5619534521965.143,361987490722.50604,0.5834101951240285
